name,description,link,wordsFile,words,category
נגילה בנים ,"שיר סידור קצבי למסיבת סידור <br>
 השיר כולל מקצבים אנרגטיים,<br>
 מילים קליטות וקצב תוסס.<br>
 השיר מוצלח ביותר עבור בנים <br>
 אידיאלי ליצירת אווירה חגיגית, שמחה נרגשת<br>
 ומבטיח השתתפות של כולם.",https://github.com/madmonafakot/Songs/raw/refs/heads/main/%D7%A0%D7%92%D7%99%D7%9C%D7%94-%20%D7%91%D7%A0%D7%99%D7%9D%20%D7%A8%D7%95%D7%AA%20%D7%9E%D7%93%D7%9E%D7%95%D7%9F%200548478290.mp3,https://drive.google.com/file/d/1g_dBqXdX--TOGfsCEEz54TzNvYvGoz5d/view?usp=drive_link,"<p><strong>שִׁיר סִדּוּר</strong></p>
<p><strong>בַּיִת 1</strong></p>
<p>זֶה הַיּוֹם עָשָׂה ד&apos;</p>
<p>הַיּוֹם נָגִילָה</p>
<p>סִדּוּר יָקָר אֲקַבֵּל</p>
<p>בּוֹ אַתְחִילָה</p>
<p>לְךָ לְהִתְפַּלֵּל&nbsp;</p>
<p>אֶפְנֶה אֵלֶיךָ קֵל</p>
<p>אַבָּא נָא שְׁאֵלָתִי קַבֵּל</p>
<p>&nbsp;</p>
<p><strong>בַּיִת 2</strong></p>
<p>תְּפִלָּתִי עוֹלָה לָהּ&nbsp;</p>
<p>עֲדֵי מָרוֹם</p>
<p>זַכָּה, בָּרָה וּטְהוֹרָה,</p>
<p>לְלֹא מְתֹם.</p>
<p>פּוֹנָה אֵלֶיךָ אָב</p>
<p>קוֹרֵאת מִכָּל לֵבָב</p>
<p>רְצֵה נָא בָּהּ מִכָּל הַקָּרְבָּנוֹת</p>
<p>&nbsp;</p>
<p><strong>פִּזְמוֹן 1:</strong></p>
<p>אַבָּא תְּפִלָּתִי קַבֵּל, פְּתַח לָהּ שְׁעָרִים</p>
<p>אַבָּא דִּמְעָתִי מְחֵה, עֵינַי לְךָ אָרִים</p>
<p>אֲנִי כֻּלִּי שֶׁלְּךָ, אֲנִי בִּתְּךָ</p>
<p>מְבַקֶּשֶׁת לִי, אֶת אַהֲבָתְךָ</p>
<p>&nbsp;</p>
<p><strong>פִּזְמוֹן 2:</strong></p>
<p>רוֹצָה אֲנִי אֶת קִרְבָתְךָ, אַמְּצֵנִי אָב</p>
<p>אַחְזִיק תָּמִיד בְּסִדּוּרִי, עֶרְכּוֹ לִי רָב</p>
<p>אָבִי מְאֹד אָהַבְתִּי, אֶת מִצְוָתְךָ</p>
<p>טוֹבָה הִיא לִי מֵאַלְפֵי זָהָב</p>
<p><br style=""text-align: left;color: rgb(29, 31, 37);background-color: rgb(255, 255, 255);font-size: 13px;font-family: 'Arial Black', Gadget, sans-serif;""></p>","בנים,מסיבת סידור,שיר סידור קצבי"
נשירה מזמור בנים ,"שיר פתיחה קצבי ואנרגטי למסיבת סידור! <br>
השיר כולל מקצבים תוססים, מילים קליטות ומנגינה עשירה, <br>
 המתאימה לפתיחה החגיגית והנרגשת של מסיבת הסידור. <br>
 השיר שיקבל בברכה את הצופות החשובות שהגיעו למסיבה ויותיר עליהן רושם חזק ועוצמתי.",https://github.com/madmonafakot/Songs/raw/refs/heads/main/%D7%A0%D7%A9%D7%99%D7%A8%D7%94%20%D7%9E%D7%96%D7%9E%D7%95%D7%A8%20%D7%91%D7%A0%D7%99%D7%9D%20%D7%A8%D7%95%D7%AA%20%D7%9E%D7%93%D7%9E%D7%95%D7%9F%200548478290.mp3,https://drive.google.com/file/d/1SCjnf3cdWvmpNFxRbeb4PZvE_2AmyxYW/view?usp=drive_link,"<p style='text-align: left;color: rgb(29, 31, 37);background-color: rgb(255, 255, 255);font-size: 13px;font-family: -apple-system, system-ui, BlinkMacSystemFont, ""'>&nbsp;<strong>שיר פתיחה</strong></p>
<p style='text-align: left;color: rgb(29, 31, 37);background-color: rgb(255, 255, 255);font-size: 13px;font-family: -apple-system, system-ui, BlinkMacSystemFont, ""'><strong>בַּיִת 1</strong></p>
<p style='text-align: left;color: rgb(29, 31, 37);background-color: rgb(255, 255, 255);font-size: 13px;font-family: -apple-system, system-ui, BlinkMacSystemFont, ""'>זֶה הוּא לָנוּ, יוֹם מָלֵא בָּאוֹר</p>
<p style='text-align: left;color: rgb(29, 31, 37);background-color: rgb(255, 255, 255);font-size: 13px;font-family: -apple-system, system-ui, BlinkMacSystemFont, ""'>יוֹם בּוֹ נְשִׁירָה מִזְמוֹר</p>
<p style='text-align: left;color: rgb(29, 31, 37);background-color: rgb(255, 255, 255);font-size: 13px;font-family: -apple-system, system-ui, BlinkMacSystemFont, ""'>הַלֵּב שֶׁלָּנוּ עוֹלֶה עַל גָּדוֹת</p>
<p style='text-align: left;color: rgb(29, 31, 37);background-color: rgb(255, 255, 255);font-size: 13px;font-family: -apple-system, system-ui, BlinkMacSystemFont, ""'>לְאָבִינוּ רוֹצֶה לְהוֹדוֹת</p>
<p style='text-align: left;color: rgb(29, 31, 37);background-color: rgb(255, 255, 255);font-size: 13px;font-family: -apple-system, system-ui, BlinkMacSystemFont, ""'>&nbsp;</p>
<p style='text-align: left;color: rgb(29, 31, 37);background-color: rgb(255, 255, 255);font-size: 13px;font-family: -apple-system, system-ui, BlinkMacSystemFont, ""'><strong>בַּיִת 2</strong></p>
<p style='text-align: left;color: rgb(29, 31, 37);background-color: rgb(255, 255, 255);font-size: 13px;font-family: -apple-system, system-ui, BlinkMacSystemFont, ""'>בְּשֵׁם ד&apos; אֶתֵּן, בְּרוּכוֹת הַבָּאוֹת</p>
<p style='text-align: left;color: rgb(29, 31, 37);background-color: rgb(255, 255, 255);font-size: 13px;font-family: -apple-system, system-ui, BlinkMacSystemFont, ""'>כָּל הָאִמָּהוֹת כָּל הָאוֹרְחוֹת</p>
<p style='text-align: left;color: rgb(29, 31, 37);background-color: rgb(255, 255, 255);font-size: 13px;font-family: -apple-system, system-ui, BlinkMacSystemFont, ""'>הָבָה יַחַד נְגִילָהּ וְנִרְקֹד</p>
<p style='text-align: left;color: rgb(29, 31, 37);background-color: rgb(255, 255, 255);font-size: 13px;font-family: -apple-system, system-ui, BlinkMacSystemFont, ""'>יוֹם זֶה לָנוּ מְיֻחָד מְאֹד</p>
<p style='text-align: left;color: rgb(29, 31, 37);background-color: rgb(255, 255, 255);font-size: 13px;font-family: -apple-system, system-ui, BlinkMacSystemFont, ""'>&nbsp;&nbsp;</p>
<p style='text-align: left;color: rgb(29, 31, 37);background-color: rgb(255, 255, 255);font-size: 13px;font-family: -apple-system, system-ui, BlinkMacSystemFont, ""'><strong>פִּזְמוֹן 1:</strong></p>
<p style='text-align: left;color: rgb(29, 31, 37);background-color: rgb(255, 255, 255);font-size: 13px;font-family: -apple-system, system-ui, BlinkMacSystemFont, ""'>אִמָּא יְקָרָה לִי</p>
<p style='text-align: left;color: rgb(29, 31, 37);background-color: rgb(255, 255, 255);font-size: 13px;font-family: -apple-system, system-ui, BlinkMacSystemFont, ""'>בְּרוּכָה אַתְּ לד&apos;</p>
<p style='text-align: left;color: rgb(29, 31, 37);background-color: rgb(255, 255, 255);font-size: 13px;font-family: -apple-system, system-ui, BlinkMacSystemFont, ""'>אִמָּאלֶ&apos;ה רְאִי נָא</p>
<p style='text-align: left;color: rgb(29, 31, 37);background-color: rgb(255, 255, 255);font-size: 13px;font-family: -apple-system, system-ui, BlinkMacSystemFont, ""'>חֲלוֹם פֹּה מִתְגַּשֵּׁם</p>
<p style='text-align: left;color: rgb(29, 31, 37);background-color: rgb(255, 255, 255);font-size: 13px;font-family: -apple-system, system-ui, BlinkMacSystemFont, ""'>סִדּוּר טָהוֹר, אוֹי, עַכְשָׁו אֲקַבֵּל</p>
<p style='text-align: left;color: rgb(29, 31, 37);background-color: rgb(255, 255, 255);font-size: 13px;font-family: -apple-system, system-ui, BlinkMacSystemFont, ""'>מֵעִיד וּמַכְרִיז כִּי אֲנִי בַּת יִשְׂרָאֵל</p>
<p style='text-align: left;color: rgb(29, 31, 37);background-color: rgb(255, 255, 255);font-size: 13px;font-family: -apple-system, system-ui, BlinkMacSystemFont, ""'>&nbsp;</p>
<p style='text-align: left;color: rgb(29, 31, 37);background-color: rgb(255, 255, 255);font-size: 13px;font-family: -apple-system, system-ui, BlinkMacSystemFont, ""'><strong>פִּזְמוֹן 2:</strong></p>
<p style='text-align: left;color: rgb(29, 31, 37);background-color: rgb(255, 255, 255);font-size: 13px;font-family: -apple-system, system-ui, BlinkMacSystemFont, ""'>הַקְשֵׁב לָנוּ אַבָּא</p>
<p style='text-align: left;color: rgb(29, 31, 37);background-color: rgb(255, 255, 255);font-size: 13px;font-family: -apple-system, system-ui, BlinkMacSystemFont, ""'>רְאֵה כָּל הַשִּׂמְחָה</p>
<p style='text-align: left;color: rgb(29, 31, 37);background-color: rgb(255, 255, 255);font-size: 13px;font-family: -apple-system, system-ui, BlinkMacSystemFont, ""'>לִבֵּנוּ הָכֵן לִתְפִלָּה, לַעֲבוֹדָתְךָ</p>
<p style='text-align: left;color: rgb(29, 31, 37);background-color: rgb(255, 255, 255);font-size: 13px;font-family: -apple-system, system-ui, BlinkMacSystemFont, ""'>לִבִּי וּבְשָׂרִי, אוֹי, יְרַנֵּנוּ</p>
<p style='text-align: left;color: rgb(29, 31, 37);background-color: rgb(255, 255, 255);font-size: 13px;font-family: -apple-system, system-ui, BlinkMacSystemFont, ""'>בְּשִׁיר וּבְתוֹדָה לְךָ, ד&apos; אֱלֹוקֵינוּ</p>
<p><br style=""text-align: left;color: rgb(29, 31, 37);background-color: rgb(255, 255, 255);font-size: 13px;font-family: 'Arial Black', Gadget, sans-serif;""></p>","בנים,מסיבת סידור,פתיחה"
נשירה מזמור בנות ,"שיר פתיחה קצבי ואנרגטי למסיבת סידור! <br>
השיר כולל מקצבים תוססים, מילים קליטות ומנגינה עשירה, <br>
 המתאימה לפתיחה החגיגית והנרגשת של מסיבת הסידור. <br>
 השיר שיקבל בברכה את הצופות החשובות שהגיעו למסיבה ויותיר עליהן רושם חזק ועוצמתי.",https://github.com/madmonafakot/Songs/raw/refs/heads/main/%D7%A0%D7%A9%D7%99%D7%A8%D7%94%20%D7%9E%D7%96%D7%9E%D7%95%D7%A8%20%D7%91%D7%A0%D7%95%D7%AA%20%D7%A8%D7%95%D7%AA%20%D7%9E%D7%93%D7%9E%D7%95%D7%9F%200548478290.mp3,https://drive.google.com/file/d/1En_zZPa7iTOsBjCK1Z8YnTtOUzNJyFpw/view?usp=drive_link,"<p style='text-align: left;color: rgb(29, 31, 37);background-color: rgb(255, 255, 255);font-size: 13px;font-family: -apple-system, system-ui, BlinkMacSystemFont, ""'>&nbsp;<strong>שִׁיר פְּתִיחָה</strong></p>
<p style='text-align: left;color: rgb(29, 31, 37);background-color: rgb(255, 255, 255);font-size: 13px;font-family: -apple-system, system-ui, BlinkMacSystemFont, ""'>&nbsp;</p>
<p style='text-align: left;color: rgb(29, 31, 37);background-color: rgb(255, 255, 255);font-size: 13px;font-family: -apple-system, system-ui, BlinkMacSystemFont, ""'><strong>בַּיִת 1</strong></p>
<p style='text-align: left;color: rgb(29, 31, 37);background-color: rgb(255, 255, 255);font-size: 13px;font-family: -apple-system, system-ui, BlinkMacSystemFont, ""'>זֶה הוּא לָנוּ, יוֹם מָלֵא בְּאוֹר</p>
<p style='text-align: left;color: rgb(29, 31, 37);background-color: rgb(255, 255, 255);font-size: 13px;font-family: -apple-system, system-ui, BlinkMacSystemFont, ""'>יוֹם בּוֹ נָשִׁירָה מִזְמוֹר</p>
<p style='text-align: left;color: rgb(29, 31, 37);background-color: rgb(255, 255, 255);font-size: 13px;font-family: -apple-system, system-ui, BlinkMacSystemFont, ""'>הַלֵּב שֶׁלָּנוּ עוֹלֶה עַל גָּדוֹת</p>
<p style='text-align: left;color: rgb(29, 31, 37);background-color: rgb(255, 255, 255);font-size: 13px;font-family: -apple-system, system-ui, BlinkMacSystemFont, ""'>לְךָ אָבִינוּ אָנוּ מוֹדוֹת</p>
<p style='text-align: left;color: rgb(29, 31, 37);background-color: rgb(255, 255, 255);font-size: 13px;font-family: -apple-system, system-ui, BlinkMacSystemFont, ""'>&nbsp;</p>
<p style='text-align: left;color: rgb(29, 31, 37);background-color: rgb(255, 255, 255);font-size: 13px;font-family: -apple-system, system-ui, BlinkMacSystemFont, ""'><strong>בַּיִת 2</strong></p>
<p style='text-align: left;color: rgb(29, 31, 37);background-color: rgb(255, 255, 255);font-size: 13px;font-family: -apple-system, system-ui, BlinkMacSystemFont, ""'>בְּשֵׁם ד&apos; אַתֶּן, בְּרוּכוֹת הַבָּאוֹת</p>
<p style='text-align: left;color: rgb(29, 31, 37);background-color: rgb(255, 255, 255);font-size: 13px;font-family: -apple-system, system-ui, BlinkMacSystemFont, ""'>כָּל הָאִמָּהוֹת כָּל הָאוֹרְחוֹת</p>
<p style='text-align: left;color: rgb(29, 31, 37);background-color: rgb(255, 255, 255);font-size: 13px;font-family: -apple-system, system-ui, BlinkMacSystemFont, ""'>הָבָה יַחַד נָגִילָה וְנִרְקֹד</p>
<p style='text-align: left;color: rgb(29, 31, 37);background-color: rgb(255, 255, 255);font-size: 13px;font-family: -apple-system, system-ui, BlinkMacSystemFont, ""'>יוֹם זֶה לָנוּ מְיֻחָד מְאֹד</p>
<p style='text-align: left;color: rgb(29, 31, 37);background-color: rgb(255, 255, 255);font-size: 13px;font-family: -apple-system, system-ui, BlinkMacSystemFont, ""'>&nbsp;</p>
<p style='text-align: left;color: rgb(29, 31, 37);background-color: rgb(255, 255, 255);font-size: 13px;font-family: -apple-system, system-ui, BlinkMacSystemFont, ""'><strong>פִּזְמוֹן 1:</strong></p>
<p style='text-align: left;color: rgb(29, 31, 37);background-color: rgb(255, 255, 255);font-size: 13px;font-family: -apple-system, system-ui, BlinkMacSystemFont, ""'>אִמָּא יְקָרָה לִי</p>
<p style='text-align: left;color: rgb(29, 31, 37);background-color: rgb(255, 255, 255);font-size: 13px;font-family: -apple-system, system-ui, BlinkMacSystemFont, ""'>בְּרוּכָה אַתְּ לד&apos;</p>
<p style='text-align: left;color: rgb(29, 31, 37);background-color: rgb(255, 255, 255);font-size: 13px;font-family: -apple-system, system-ui, BlinkMacSystemFont, ""'>אִמָּאלֶ&apos;ה רְאִי נָא</p>
<p style='text-align: left;color: rgb(29, 31, 37);background-color: rgb(255, 255, 255);font-size: 13px;font-family: -apple-system, system-ui, BlinkMacSystemFont, ""'>חֲלוֹם פֹּה מִתְגַּשֵּׁם</p>
<p style='text-align: left;color: rgb(29, 31, 37);background-color: rgb(255, 255, 255);font-size: 13px;font-family: -apple-system, system-ui, BlinkMacSystemFont, ""'>סִדּוּר טָהוֹר, אוֹי, עַכְשָׁיו אֲקַבֵּל</p>
<p style='text-align: left;color: rgb(29, 31, 37);background-color: rgb(255, 255, 255);font-size: 13px;font-family: -apple-system, system-ui, BlinkMacSystemFont, ""'>מֵעִיד וּמַכְרִיז כִּי אֲנִי בַּת יִשְׂרָאֵל</p>
<p style='text-align: left;color: rgb(29, 31, 37);background-color: rgb(255, 255, 255);font-size: 13px;font-family: -apple-system, system-ui, BlinkMacSystemFont, ""'>&nbsp;</p>
<p style='text-align: left;color: rgb(29, 31, 37);background-color: rgb(255, 255, 255);font-size: 13px;font-family: -apple-system, system-ui, BlinkMacSystemFont, ""'><strong>פִּזְמוֹן 2:</strong></p>
<p style='text-align: left;color: rgb(29, 31, 37);background-color: rgb(255, 255, 255);font-size: 13px;font-family: -apple-system, system-ui, BlinkMacSystemFont, ""'>הַקְשֵׁב נָא לָנוּ אַבָּא</p>
<p style='text-align: left;color: rgb(29, 31, 37);background-color: rgb(255, 255, 255);font-size: 13px;font-family: -apple-system, system-ui, BlinkMacSystemFont, ""'>רְאֵה כָּל הַשִּׂמְחָה</p>
<p style='text-align: left;color: rgb(29, 31, 37);background-color: rgb(255, 255, 255);font-size: 13px;font-family: -apple-system, system-ui, BlinkMacSystemFont, ""'>לִבֵּנוּ הָכֵן לִתְפִלָּה, לַעֲבוֹדָתְךָ</p>
<p style='text-align: left;color: rgb(29, 31, 37);background-color: rgb(255, 255, 255);font-size: 13px;font-family: -apple-system, system-ui, BlinkMacSystemFont, ""'>לִבִּי וּבְשָׂרִי, אוֹי, יְרַנְּנוּ</p>
<p style='text-align: left;color: rgb(29, 31, 37);background-color: rgb(255, 255, 255);font-size: 13px;font-family: -apple-system, system-ui, BlinkMacSystemFont, ""'>בְּשִׁיר וּבְתוֹדָה לְךָ, ד&apos; אֱלֹוקֵינוּ</p>
<p><br style=""text-align: left;color: rgb(29, 31, 37);background-color: rgb(255, 255, 255);font-size: 13px;font-family: 'Arial Black', Gadget, sans-serif;""></p>","בנות,מסיבת סידור,פתיחה"
נגילה בנות ,"שיר סידור קצבי למסיבת הסידור שלך! <br>
השיר כולל מקצבים אנרגטיים, מילים קליטות וקצב תוסס. <br>
השיר מוצלח מאד ביצירת אווירה חגיגית, שמחה ונרגשת! <br>
עם קצב כזה, אף ילדה לא תישאר מאחור!",https://github.com/madmonafakot/Songs/raw/refs/heads/main/%D7%A0%D7%92%D7%99%D7%9C%D7%94%20%D7%91%D7%A0%D7%95%D7%AA%20%D7%A8%D7%95%D7%AA%20%D7%9E%D7%93%D7%9E%D7%95%D7%9F%200548478290.mp3,https://drive.google.com/file/d/1WyGfwDBXsfbqwVv9AY_kQ4jCUjvaLWjd/view?usp=drive_link,"<p><strong>שִׁיר סִדּוּר</strong></p>
<p><strong>בַּיִת 1</strong></p>
<p>זֶה הַיּוֹם עָשָׂה ד&apos;</p>
<p>הַיּוֹם נָגִילָה</p>
<p>סִדּוּר יָקָר אֲקַבֵּל</p>
<p>בּוֹ אַתְחִילָה</p>
<p>לְךָ לְהִתְפַּלֵּל&nbsp;</p>
<p>אֶפְנֶה אֵלֶיךָ קֵל</p>
<p>אַבָּא נָא שְׁאֵלָתִי קַבֵּל</p>
<p>&nbsp;</p>
<p><strong>בַּיִת 2</strong></p>
<p>תְּפִלָּתִי עוֹלָה לָהּ&nbsp;</p>
<p>עֲדֵי מָרוֹם</p>
<p>זַכָּה, בָּרָה וּטְהוֹרָה,</p>
<p>לְלֹא מְתֹם.</p>
<p>פּוֹנָה אֵלֶיךָ אָב</p>
<p>קוֹרֵאת מִכָּל לֵבָב</p>
<p>רְצֵה נָא בָּהּ מִכָּל הַקָּרְבָּנוֹת</p>
<p>&nbsp;</p>
<p><strong>פִּזְמוֹן 1:</strong></p>
<p>אַבָּא תְּפִלָּתִי קַבֵּל, פְּתַח לָהּ שְׁעָרִים</p>
<p>אַבָּא דִּמְעָתִי מְחֵה, עֵינַי לְךָ אָרִים</p>
<p>אֲנִי כֻּלִּי שֶׁלְּךָ, אֲנִי בִּתְּךָ</p>
<p>מְבַקֶּשֶׁת לִי, אֶת אַהֲבָתְךָ</p>
<p>&nbsp;</p>
<p><strong>פִּזְמוֹן 2:</strong></p>
<p>רוֹצָה אֲנִי אֶת קִרְבָתְךָ, אַמְּצֵנִי אָב</p>
<p>אַחְזִיק תָּמִיד בְּסִדּוּרִי, עֶרְכּוֹ לִי רָב</p>
<p>אָבִי מְאֹד אָהַבְתִּי, אֶת מִצְוָתְךָ</p>
<p>טוֹבָה הִיא לִי מֵאַלְפֵי זָהָב</p>
<p><br style=""text-align: left;color: rgb(29, 31, 37);background-color: rgb(255, 255, 255);font-size: 13px;font-family: -apple-system, system-ui, BlinkMacSystemFont, &quot;;""></p>
<p><br style=""text-align: left;color: rgb(29, 31, 37);background-color: rgb(255, 255, 255);font-size: 13px;font-family: 'Arial Black', Gadget, sans-serif;""></p>
<p><br style=""text-align: left;color: rgb(29, 31, 37);background-color: rgb(255, 255, 255);font-size: 13px;font-family: 'Arial Black', Gadget, sans-serif;""></p>","מסיבת סידור,בנות,שיר סידור קצבי"
לא אספיק להודות  ,"שיר מרגש ביותר לאמא, הכולל מנגינה חדשה ונוגעת ללב. <br>
שיר זה מתאר בצורה מרגשת <br>
את מסירותה הבלתי מעורערת של אמא ואת אהבתה האינסופית לילדיה. <br>
 בשיר זה מבוטאת הכרת תודה עמוקה לאמא, <br>
על תמיכתה, הדרכתה ומסירותה האינסופית.",https://github.com/madmonafakot/Songs/raw/refs/heads/main/%D7%9C%D7%90%20%D7%90%D7%A1%D7%A4%D7%99%D7%A7%20%D7%9C%D7%94%D7%95%D7%93%D7%95%D7%AA%20%D7%A8%D7%95%D7%AA%20%D7%9E%D7%93%D7%9E%D7%95%D7%9F%200548478290.mp3,https://drive.google.com/file/d/18dyQxU8hkKV9TnnSHleoUjBUzPV6dD_1/view?usp=drive_link,"<p style='text-align: left;color: rgb(29, 31, 37);background-color: rgb(255, 255, 255);font-size: 13px;font-family: -apple-system, system-ui, BlinkMacSystemFont, ""'><strong>שִׁיר לְאִמָּא</strong></p>
<p style='text-align: left;color: rgb(29, 31, 37);background-color: rgb(255, 255, 255);font-size: 13px;font-family: -apple-system, system-ui, BlinkMacSystemFont, ""'><br></p>
<p style='text-align: left;color: rgb(29, 31, 37);background-color: rgb(255, 255, 255);font-size: 13px;font-family: -apple-system, system-ui, BlinkMacSystemFont, ""'>&nbsp;<strong>בַּיִת 1:</strong></p>
<p style='text-align: left;color: rgb(29, 31, 37);background-color: rgb(255, 255, 255);font-size: 13px;font-family: -apple-system, system-ui, BlinkMacSystemFont, ""'>יָמִים, לְלֹא שֵׁנָה לְעֵינַיִךְ</p>
<p style='text-align: left;color: rgb(29, 31, 37);background-color: rgb(255, 255, 255);font-size: 13px;font-family: -apple-system, system-ui, BlinkMacSystemFont, ""'>הָיוּ לֶחֶם חֻקֵּךְ דִּמְעוֹתַיִךְ</p>
<p style='text-align: left;color: rgb(29, 31, 37);background-color: rgb(255, 255, 255);font-size: 13px;font-family: -apple-system, system-ui, BlinkMacSystemFont, ""'>פָּתַחְתְּ לִי, שְׁעָרִים, בִּתְפִלּוֹתַיִךְ&nbsp;</p>
<p style='text-align: left;color: rgb(29, 31, 37);background-color: rgb(255, 255, 255);font-size: 13px;font-family: -apple-system, system-ui, BlinkMacSystemFont, ""'>יָמִים, בָּהֶם הִרְגַּעְתָּ כָּל מַכְאוֹב</p>
<p style='text-align: left;color: rgb(29, 31, 37);background-color: rgb(255, 255, 255);font-size: 13px;font-family: -apple-system, system-ui, BlinkMacSystemFont, ""'>לֹא חשכת מִמֶּנִּי טוֹב</p>
<p style='text-align: left;color: rgb(29, 31, 37);background-color: rgb(255, 255, 255);font-size: 13px;font-family: -apple-system, system-ui, BlinkMacSystemFont, ""'>הִרְעַפְתְּ, הֶעֱנַקְתְּ לְלֹא גְּבוּל וּמִדָּה</p>
<p style='text-align: left;color: rgb(29, 31, 37);background-color: rgb(255, 255, 255);font-size: 13px;font-family: -apple-system, system-ui, BlinkMacSystemFont, ""'>&nbsp;</p>
<p style='text-align: left;color: rgb(29, 31, 37);background-color: rgb(255, 255, 255);font-size: 13px;font-family: -apple-system, system-ui, BlinkMacSystemFont, ""'><strong>פִּזְמוֹן 1:</strong></p>
<p style='text-align: left;color: rgb(29, 31, 37);background-color: rgb(255, 255, 255);font-size: 13px;font-family: -apple-system, system-ui, BlinkMacSystemFont, ""'>אִמָּא לָךְ לֹא אַסְפִּיק לְהוֹדוֹת</p>
<p style='text-align: left;color: rgb(29, 31, 37);background-color: rgb(255, 255, 255);font-size: 13px;font-family: -apple-system, system-ui, BlinkMacSystemFont, ""'>יִרְחַשׁ לִבִּי רֹב תּוֹדוֹת</p>
<p style='text-align: left;color: rgb(29, 31, 37);background-color: rgb(255, 255, 255);font-size: 13px;font-family: -apple-system, system-ui, BlinkMacSystemFont, ""'>כִּי כָּל שֶׁלִּי מִכּוֹחֵךְ</p>
<p style='text-align: left;color: rgb(29, 31, 37);background-color: rgb(255, 255, 255);font-size: 13px;font-family: -apple-system, system-ui, BlinkMacSystemFont, ""'>עָלַי מַאֲצִילָה רוּחֵךְ</p>
<p style='text-align: left;color: rgb(29, 31, 37);background-color: rgb(255, 255, 255);font-size: 13px;font-family: -apple-system, system-ui, BlinkMacSystemFont, ""'>&nbsp;</p>
<p style='text-align: left;color: rgb(29, 31, 37);background-color: rgb(255, 255, 255);font-size: 13px;font-family: -apple-system, system-ui, BlinkMacSystemFont, ""'><strong>פִּזְמוֹן 2:</strong></p>
<p style='text-align: left;color: rgb(29, 31, 37);background-color: rgb(255, 255, 255);font-size: 13px;font-family: -apple-system, system-ui, BlinkMacSystemFont, ""'>אֵלֵךְ בְּדֶרֶךְ הַתּוֹרָה</p>
<p style='text-align: left;color: rgb(29, 31, 37);background-color: rgb(255, 255, 255);font-size: 13px;font-family: -apple-system, system-ui, BlinkMacSystemFont, ""'>אוֹצָרִי לִי יִרְאָה טְהוֹרָה</p>
<p style='text-align: left;color: rgb(29, 31, 37);background-color: rgb(255, 255, 255);font-size: 13px;font-family: -apple-system, system-ui, BlinkMacSystemFont, ""'>שֶׁתִּזְכִּי לִרְאוֹת פֵּירוֹת</p>
<p style='text-align: left;color: rgb(29, 31, 37);background-color: rgb(255, 255, 255);font-size: 13px;font-family: -apple-system, system-ui, BlinkMacSystemFont, ""'>אִילָנוֹת עוֹמְדִים לְדוֹרוֹת&nbsp;</p>
<p style='text-align: left;color: rgb(29, 31, 37);background-color: rgb(255, 255, 255);font-size: 13px;font-family: -apple-system, system-ui, BlinkMacSystemFont, ""'>&nbsp;</p>
<p style='text-align: left;color: rgb(29, 31, 37);background-color: rgb(255, 255, 255);font-size: 13px;font-family: -apple-system, system-ui, BlinkMacSystemFont, ""'><strong>בַּיִת 3:</strong></p>
<p style='text-align: left;color: rgb(29, 31, 37);background-color: rgb(255, 255, 255);font-size: 13px;font-family: -apple-system, system-ui, BlinkMacSystemFont, ""'>יָמִים, שֶׁהִקְשַׁבְתְּ לַסּוֹדוֹת הַכְּמוּסִים</p>
<p style='text-align: left;color: rgb(29, 31, 37);background-color: rgb(255, 255, 255);font-size: 13px;font-family: -apple-system, system-ui, BlinkMacSystemFont, ""'>הֵבַנְתְּ כָּל הַהִיסּוּסִים</p>
<p style='text-align: left;color: rgb(29, 31, 37);background-color: rgb(255, 255, 255);font-size: 13px;font-family: -apple-system, system-ui, BlinkMacSystemFont, ""'>הִרְגַּעַתְּ, הִצַּעְתְּ, נִיווַּטְתְּ הַמַּעֲשִׂים</p>
<p style='text-align: left;color: rgb(29, 31, 37);background-color: rgb(255, 255, 255);font-size: 13px;font-family: -apple-system, system-ui, BlinkMacSystemFont, ""'>יָמִים, שֶׁבָּאֹכֶל הִשְׁקַעְתְּ מַחְשָׁבָה</p>
<p style='text-align: left;color: rgb(29, 31, 37);background-color: rgb(255, 255, 255);font-size: 13px;font-family: -apple-system, system-ui, BlinkMacSystemFont, ""'>תִּבַּלְתְּ בְּאַהֲבָה</p>
<p style='text-align: left;color: rgb(29, 31, 37);background-color: rgb(255, 255, 255);font-size: 13px;font-family: -apple-system, system-ui, BlinkMacSystemFont, ""'>דָּאַגְתְּ, שֶׁלִּי יֶעֱרַב, אִמָּא הַטּוֹבָה</p>
<p style='text-align: left;color: rgb(29, 31, 37);background-color: rgb(255, 255, 255);font-size: 13px;font-family: -apple-system, system-ui, BlinkMacSystemFont, ""'>&nbsp;</p>
<p style='text-align: left;color: rgb(29, 31, 37);background-color: rgb(255, 255, 255);font-size: 13px;font-family: -apple-system, system-ui, BlinkMacSystemFont, ""'><strong>לְמַעֲבָר:</strong></p>
<p style='text-align: left;color: rgb(29, 31, 37);background-color: rgb(255, 255, 255);font-size: 13px;font-family: -apple-system, system-ui, BlinkMacSystemFont, ""'>אֵיךְ אַסְפִּיק אִמָּא לוֹמַר לָךְ תּוֹדָה עַל הַכֹּל?</p>
<p style='text-align: left;color: rgb(29, 31, 37);background-color: rgb(255, 255, 255);font-size: 13px;font-family: -apple-system, system-ui, BlinkMacSystemFont, ""'>וְאֵיךְ אוּכַל לְתָאֵר אֶת לִבֵּךְ הַגָּדוֹל?</p>
<p><br style=""text-align: left;color: rgb(29, 31, 37);background-color: rgb(255, 255, 255);font-size: 13px;font-family: 'Arial Black', Gadget, sans-serif;""></p>","מסיבת סידור,שיר לאמא,בנות"
יום גדול,"שיר סידור שקט, מרגש ונוגע למסיבת סידור. <br>
לשיר מנגינה שקטה ומרעידה, <br>
 הרמוניות עדינות ומילים נוגעות ללב. <br>
השיר יוצר אווירה שלווה, <br>
מעודד התבוננות פנימית וחיבור של הילדות הטהורות לסידור ולמילות התפילה.",https://github.com/madmonafakot/Songs/raw/refs/heads/main/%D7%99%D7%95%D7%9D%20%D7%92%D7%93%D7%95%D7%9C%20%D7%A8%D7%95%D7%AA%20%D7%9E%D7%93%D7%9E%D7%95%D7%9F%200548478290.mp3,https://drive.google.com/file/d/1JF6L8HZXp1hnaWn5MKLeGrPa50xCgd7Z/view?usp=drive_link,"<p style='text-align: left;color: rgb(29, 31, 37);background-color: rgb(255, 255, 255);font-size: 13px;font-family: -apple-system, system-ui, BlinkMacSystemFont, ""'><strong>שִׁיר סִדּוּר</strong></p>
<p style='text-align: left;color: rgb(29, 31, 37);background-color: rgb(255, 255, 255);font-size: 13px;font-family: -apple-system, system-ui, BlinkMacSystemFont, ""'><strong>בַּיִת 1:</strong></p>
<p style='text-align: left;color: rgb(29, 31, 37);background-color: rgb(255, 255, 255);font-size: 13px;font-family: -apple-system, system-ui, BlinkMacSystemFont, ""'>בְּיוֹם גָּדוֹל אֲנִי פֹּה נִצֶּבֶת</p>
<p style='text-align: left;color: rgb(29, 31, 37);background-color: rgb(255, 255, 255);font-size: 13px;font-family: -apple-system, system-ui, BlinkMacSystemFont, ""'>סִדּוּר בְּיָדִי אוֹתוֹ אֲנִי אוֹהֶבֶת</p>
<p style='text-align: left;color: rgb(29, 31, 37);background-color: rgb(255, 255, 255);font-size: 13px;font-family: -apple-system, system-ui, BlinkMacSystemFont, ""'>זוֹכָה לִרְאוֹת הַיּוֹם שֶׁמִּתְגַּשֵּׁם לוֹ חֲלוֹמִי</p>
<p style='text-align: left;color: rgb(29, 31, 37);background-color: rgb(255, 255, 255);font-size: 13px;font-family: -apple-system, system-ui, BlinkMacSystemFont, ""'>לִהְיוֹת קְרוֹבָה אֵלֶיךָ אֲנִי רוֹצָה כָּל כָּךְ אָבִי</p>
<p style='text-align: left;color: rgb(29, 31, 37);background-color: rgb(255, 255, 255);font-size: 13px;font-family: -apple-system, system-ui, BlinkMacSystemFont, ""'>&nbsp;</p>
<p style='text-align: left;color: rgb(29, 31, 37);background-color: rgb(255, 255, 255);font-size: 13px;font-family: -apple-system, system-ui, BlinkMacSystemFont, ""'><strong>בַּיִת 2:</strong></p>
<p style='text-align: left;color: rgb(29, 31, 37);background-color: rgb(255, 255, 255);font-size: 13px;font-family: -apple-system, system-ui, BlinkMacSystemFont, ""'>הַיּוֹם אֲנִי עוֹמֶדֶת פֹּה, נִרְגֶּשֶׁת</p>
<p style='text-align: left;color: rgb(29, 31, 37);background-color: rgb(255, 255, 255);font-size: 13px;font-family: -apple-system, system-ui, BlinkMacSystemFont, ""'>שְׁעָרֶיךָ פְּתַח לִי, מְבַקֶּשֶׁת</p>
<p style='text-align: left;color: rgb(29, 31, 37);background-color: rgb(255, 255, 255);font-size: 13px;font-family: -apple-system, system-ui, BlinkMacSystemFont, ""'>קַבֵּל אֶת תְּפִלָּתִי שֶׁעוֹלָה מִתּוֹךְ לִבִּי</p>
<p style='text-align: left;color: rgb(29, 31, 37);background-color: rgb(255, 255, 255);font-size: 13px;font-family: -apple-system, system-ui, BlinkMacSystemFont, ""'>אַמֵּץ אוֹתָהּ אֶל חֵיקְךָ בְּרַחֲמִים אָבִי</p>
<p style='text-align: left;color: rgb(29, 31, 37);background-color: rgb(255, 255, 255);font-size: 13px;font-family: -apple-system, system-ui, BlinkMacSystemFont, ""'>&nbsp;</p>
<p style='text-align: left;color: rgb(29, 31, 37);background-color: rgb(255, 255, 255);font-size: 13px;font-family: -apple-system, system-ui, BlinkMacSystemFont, ""'><strong>פִּזְמוֹן 1:</strong></p>
<p style='text-align: left;color: rgb(29, 31, 37);background-color: rgb(255, 255, 255);font-size: 13px;font-family: -apple-system, system-ui, BlinkMacSystemFont, ""'>אַבָּאלֶ&apos;ה נָא הַעֲלֵה, תְּפִלָּתִי לִשְׁמֵי מָרוֹם, לְפָנֶיךָ</p>
<p style='text-align: left;color: rgb(29, 31, 37);background-color: rgb(255, 255, 255);font-size: 13px;font-family: -apple-system, system-ui, BlinkMacSystemFont, ""'>שְׁמַע אוֹתִי כִּי אֲנִי בִּתְּךָ שֶׁמִּתְחַנֶּנֶת פֹּה, רַק אֵלֶיךָ</p>
<p style='text-align: left;color: rgb(29, 31, 37);background-color: rgb(255, 255, 255);font-size: 13px;font-family: -apple-system, system-ui, BlinkMacSystemFont, ""'>&nbsp;</p>
<p style='text-align: left;color: rgb(29, 31, 37);background-color: rgb(255, 255, 255);font-size: 13px;font-family: -apple-system, system-ui, BlinkMacSystemFont, ""'>אוֹצָר הַטּוֹב הַיּוֹם לִי פְּתַח&nbsp;</p>
<p style='text-align: left;color: rgb(29, 31, 37);background-color: rgb(255, 255, 255);font-size: 13px;font-family: -apple-system, system-ui, BlinkMacSystemFont, ""'>בְּרָכָה לִי שְׁלַח</p>
<p style='text-align: left;color: rgb(29, 31, 37);background-color: rgb(255, 255, 255);font-size: 13px;font-family: -apple-system, system-ui, BlinkMacSystemFont, ""'>&nbsp;</p>
<p style='text-align: left;color: rgb(29, 31, 37);background-color: rgb(255, 255, 255);font-size: 13px;font-family: -apple-system, system-ui, BlinkMacSystemFont, ""'><strong>פִּזְמוֹן 2:</strong></p>
<p style='text-align: left;color: rgb(29, 31, 37);background-color: rgb(255, 255, 255);font-size: 13px;font-family: -apple-system, system-ui, BlinkMacSystemFont, ""'>אַבָּאלֶה, הִנֵּה בָּאתִי עַד הֲלוֹם רַק לְהוֹדוֹת וּלְהַלֵּל&nbsp;</p>
<p style='text-align: left;color: rgb(29, 31, 37);background-color: rgb(255, 255, 255);font-size: 13px;font-family: -apple-system, system-ui, BlinkMacSystemFont, ""'>מַה שָּׂמַחְתִּי עַל הַזְּכוּת שֶׁנָּתַתָּ לִּי אֵלֶיךָ לְהִתְפַּלֵּל</p>
<p style='text-align: left;color: rgb(29, 31, 37);background-color: rgb(255, 255, 255);font-size: 13px;font-family: -apple-system, system-ui, BlinkMacSystemFont, ""'>אֲנִי תְּפִלָּה</p>
<p style='text-align: left;color: rgb(29, 31, 37);background-color: rgb(255, 255, 255);font-size: 13px;font-family: -apple-system, system-ui, BlinkMacSystemFont, ""'>שְׂפָתַי תַּבַּעְנָה תְּהִלָּה</p>
<p style='text-align: left;color: rgb(29, 31, 37);background-color: rgb(255, 255, 255);font-size: 13px;font-family: -apple-system, system-ui, BlinkMacSystemFont, ""'>&nbsp;</p>
<p style='text-align: left;color: rgb(29, 31, 37);background-color: rgb(255, 255, 255);font-size: 13px;font-family: -apple-system, system-ui, BlinkMacSystemFont, ""'><strong>בַּיִת 3:</strong></p>
<p style='text-align: left;color: rgb(29, 31, 37);background-color: rgb(255, 255, 255);font-size: 13px;font-family: -apple-system, system-ui, BlinkMacSystemFont, ""'>חִכִּיתִי לְהָבִין אֶת הַמִּלִּים</p>
<p style='text-align: left;color: rgb(29, 31, 37);background-color: rgb(255, 255, 255);font-size: 13px;font-family: -apple-system, system-ui, BlinkMacSystemFont, ""'>כֹּה אָהַבְתִּי הַתְּפִלּוֹת, הַתְּהִלִּים&nbsp;</p>
<p style='text-align: left;color: rgb(29, 31, 37);background-color: rgb(255, 255, 255);font-size: 13px;font-family: -apple-system, system-ui, BlinkMacSystemFont, ""'>עִם סִדּוּרִי שֶׁלִּי יָגֵל לִבִּי, אוֹי, מְאֹד</p>
<p style='text-align: left;color: rgb(29, 31, 37);background-color: rgb(255, 255, 255);font-size: 13px;font-family: -apple-system, system-ui, BlinkMacSystemFont, ""'>רוֹצָה אֲנִי לְהִתְפַּלֵּל אֵלֶיךָ עוֹד וָעוֹד.</p>
<p><br style=""text-align: left;color: rgb(29, 31, 37);background-color: rgb(255, 255, 255);font-size: 13px;font-family: 'Arial Black', Gadget, sans-serif;""></p>","מסיבת סידור,שיר סידור שקט,בנות"
בזמר ושיר ,"חדש!!! <br>
שיר קצבי המקדם בברכה את הצופות החשובות שהגיעו למסיבת הסידור. <br>
השיר מלווה בקצב ובמנגינה סוחפת, <br>
המעוררת שמחה והבנה של הזכות לקבל את סידור התפילה. <br>
השיר אידיאלי ביותר לפתיחה מוצלחת של המסיבה<br>
ולהכנסת הצופות כולן אל תוך האווירה החגיגית של קבלת הסידור. <br>",https://github.com/madmonafakot/Songs/raw/refs/heads/main/%D7%91%D7%96%D7%9E%D7%A8%20%D7%95%D7%A9%D7%99%D7%A8%20%D7%A8%D7%95%D7%AA%20%D7%9E%D7%93%D7%9E%D7%95%D7%9F%200548478290.mp3,https://drive.google.com/file/d/1D4BmTvTyc6dnEhSlURX8BXxf1SF6K17j/view?usp=drive_link,,"מסיבת סידור,פתיחה,בנות"
בת מלכות,"חדש!!! <br>
שיר סידור מרגש הנוגע במעמקי הנפש<br>
ומעורר את הילדות הטהורות להתפלל<br>
ולהתחבר על ידי מילות התפילה אל אבא שבשמיים. <br>
,השיר  מחדיר בילדות את ההבנה בגודל הזכות להיות בנות מלכות, <br>
שיכולות לדבר תדיר עם אביהן בכל עת שתחפוצנה. <br>",https://github.com/madmonafakot/Songs/raw/refs/heads/main/%D7%91%D7%AA%20%D7%9E%D7%9C%D7%9B%D7%95%D7%AA%20%D7%A8%D7%95%D7%AA%20%D7%9E%D7%93%D7%9E%D7%95%D7%9F%200548478290.mp3,https://drive.google.com/file/d/1jiOIvffJ9IkyjpDs2XasW8_QYEd_87nP/view?usp=drive_link,,"מסיבת סידור,שיר סידור שקט,בנות"
נשירה מזמור- בנות בנים,"שיר פתיחה קצבי ואנרגטי למסיבת סידור! <br>
השיר כולל מקצבים תוססים, מילים קליטות ומנגינה עשירה, <br>
 המתאימה לפתיחה החגיגית והנרגשת של מסיבת הסידור. <br>
השיר מתאים למסיבה משותפת לילדים ולילדות כמו גם לקהל של אבות .ואימהות<br>
 זה השיר שיקבל בברכה את הצופים/ות החשובים/ות שהגיעו למסיבה ויותיר עליהן/ם רושם חזק ועוצמתי.",https://github.com/madmonafakot/Songs/raw/refs/heads/main/%D7%A0%D7%A9%D7%99%D7%A8%D7%94%20%D7%9E%D7%96%D7%9E%D7%95%D7%A8%20%D7%91%D7%A0%D7%95%D7%AA%20%D7%91%D7%A0%D7%99%D7%9D%20%D7%A8%D7%95%D7%AA%20%D7%9E%D7%93%D7%9E%D7%95%D7%9F%200548478290%20-%20%D7%A2%D7%95%D7%AA%D7%A7.mp3,https://drive.google.com/file/d/1esy_5uyRXGAMwbtk9F88I7JD5-1X5Cag/view?usp=drive_link,,"בנות בנים,פתיחה,מסיבת סידור"
אדבר איתך,,,,,"מסיבת סידור,בנות,שיר סידור שקט"
שיר למלך,,,,,"מסיבת סידור,בנות,פתיחה"
שומע תפילתי,,,,,"מסיבת סידור,בנות,שיר סידור שקט"
לך הנני,,,,,"בת מצווה,בנות,שיר בת מצווה"
בואו שעריו,,,,,"פתיחה,שיר בת מצווה,בנות"